{"file_hashes":[{"block_hashes":["Q+KqRRmQxITC9O4omJVVNtt7yFN5q4lEzC6OPxy8ZTM=","GIvIz8xRhxXauW6RngxAntrZQrvcNFR3rO/CPWMFX0s=","IHp8DYDczzu3oUF6FfchKdeayCHhUCNaP54dDc3HhYA=","f6Rhqi6Mso73/rKhJTdK97D3U/IoRusTRW7/NEnDPys=","zyXwh+yVP7tBuS1Tt5UEan0kEnyZ/Z0K1tGAcNKQPnc=","utvrPga6sG8L6o7vj9Eo7mHTEU3RfqWLLhjh1KHDXbM=","X7NbDusGuT8BSsvt9whjFM6CboCzcwo+qHDnriIfbg4=","v8Kf2ZBwiya+V6DuMyaxoO/oU5ud/hzIURj8OAf2xAA="],"block_size":4096,"path":"74d85fb11d53487d88e3.png"},{"block_hashes":["y/UZ/DYtIAl3PzNABssbHnGCSgGYYcLrieql6icwJ7o=","hzdzchkzlqjtBu4MDkZThFLl3sNey+M6IGVuWMnitcc=","qxULxYxNyz/8IuO0tpCabKfKtpARgt0fb5CvwLoD7ZI=","6UTK99pbonSIpnhaPNdhR7EaOSoUcgRcs4LjKm3yFrg=","PMKsToLrwdZYDLkxTcpnaTuJ9f1YxDRDXaASK8K1Bm0=","pmLpzfgLlKjizNrShe+loY3znuVSkGxvD8KqNTG466I=","p9WCHIAALJ+8NvZpYaVD7ua1f1seNZKrTeImuSljlwk=","RSkpzPcOvecG0/UPOvmHQBAcNbtlJN2DaLKIuq/S1RI=","BFisrE8YFxM6P6DCd+DZhaWKgOKeEXW0ney3KBmljXs=","yDxSa+bxyVz0T+1qjv9KeQFsfMQDh/u/Tj71PWA9+3g=","BAXRGZSmfUBHOi6Xsi/DgdPDBfM5YrVvlne7WzzL5Ls=","ZrONT8dDec7LKZMVCbfM9XMA0Hb4WNR9CRAEJlfLJx0=","mlE0kcZRyrw3EpzMvrpZF6qSMOAQ9rECupwhLngnCYc=","YZPsGyDnYtBxO2WPFzxX+RmWDJw9+sTVMudJtQ0I4v0=","b2EGq/sP1xByVTmU72ax4U9R+RIN4GAkcvYOB9S2j3U=","rBFpi4zEbhll+JWeMRiiqodZYhXWp/dRWCYAlUXvlmM=","gQQ3VCVblgxFUWYPyJnFDx4+zVZ+ID7eLuS453HjaKU=","DR4SM7RU3kfSYNA/FW3XjvS+aiic65H5+vMVx990VG4=","VZetETeLjTZxa5e5ZhDElnWVFOc1ioC8SU0UAe/tYmA=","2LgZhn1PBquCbizrQx9HsyqOEcShuQBW9OIq2NuNxlg=","ZZA+802CJLTLh9Q0W4VLiNWV+DevCcGJWcmV4EYaQc0=","auHdMBYiXu45/65sGueeQ0VNtaPiGIq3LV4Vd2T3mGk=","SeeVdtMYOTVEb135+9/KuK0utmVULH4sq2RSLL9wBzo=","EbpeVUlA8+LSSy5+LZB4RBoAPIaHLb/Tu+dXrvnaIBE=","2CHUx9KAb7a86mBHmjtEjhRFnhmADNyRp8mfVGFYmfw=","flv3lcN2PztZrh3sB3/oKF/i7m3WUPqgWZsbqG9KCBM=","G+QKXFgVRhTiOijV17X3i3wO5/QpVOMUQq2M3LBn41k=","Lmm5G197hbwxbJiFRpMPhHcL8O3MQVyCnc274gcFWAk=","xLOJECRw3hFudtVBd06r6FFJWEqu8d3ekS9mLDMzeos=","jlY45gLTw8b2QyqsFYhHjZ5NodN7cegoUN4iC2MbAHU=","L3i2MzQJvW9z5rBuI9poSBerL0hQRSYBXbCo2fKfftE=","LUXbuCXl5sz/yTStCSukNR1pPaunawPqJkDQHH3Uuhs=","iBeFicNAOICwEzE6bxv3ob5XMbhYRi1HOzFD4JXmIsw=","fkbVZ+UR/8klvPPQj9QzOus/9guwP1eMUJu/SEWulGo=","oxgrNvlcdO/lIZWIt8DVYStTLkzNJT5jW5Kg+vYXnvY=","NWqX0RASjGgyUhaWBLrH21bDK89zQTUnJEGZqsdopDI=","wvde+BYJTT1xqwohnuMwKvfSEy5VsZ+kyd2ATAaVCNg=","WDw8xye1MSspKDVCN5JTbY1fqeSFTila1lxErIAdOuM=","aHF3RgPu9mi1dXzAg8c6kLvlUNb1EZQD8+TgmGsnPi4=","HrI1xIrL3ZD6j2X69l/yVrYloeMd/QPdxTYwloALkEk=","i8UV5PBAM6kcffuSTwAfIGSe/xMsgABZim9MQATJ39M=","uFoM3S6GiqZWuJ+KMvc5/FJuHK8VWS4PXAjUJoKbpbQ=","bN60+5zOVRqEmUgDBvduSjVd9mvy/u3JESWNetTrQNM=","6TIJM/gub6lH5QMYe/An4fMzIAnPL7G82UGZDt0UL3U=","KOPyn7yRuqWB8oCMI6+o4p9ee+hKCezZ5PgHXPpkSxU=","QTQ01Tgd/jUBXQ7gCaq2iNGSpXmHNBMY6Rs8k7huVTc=","Gr1IPpAZ5eJvEqICWHH/05Rg65Zvv1hiRJ8ILKqAKvI=","h+LwItL471uLN8VmRhQQOp/L4a7+WwY+gx3gQnaZMsc=","fCczVL/zDJRvUW6/6HvCGkQBpKP4yHQtbGzWPxcQPzc=","xazjawY9hED8/gnIbuhxO5sXsTpFai67ee6tftu84M0=","M6z5RtO+Uwqw45LiQHM22h7MOE9VA9Nbs/7XnceHhy0=","vXsxsD0mZL3nB8svw/e13yt8ikcBJNmsOYcVzHeFTNY=","FeMEcKiix+9x3mx9j6CD90HTb7VQujsz/0PGUCnpZ40=","W7EURsObPKoK9vCUJ2mfXs13ulmN/xkNtA6CQ+bsaMc=","jnv0i2RE/FoJfNCowLnZvhAU2F+WWc940ne2qe0tO/A=","tUWgHRPTvaG9MtvC6IBi0N3z33J2SHjVwzJCEJaaUTc=","2xK7KGdKNW58RDu2WRqORt13R4/jw16sphkOvd3H0F8="],"block_size":4096,"path":"css/bootstrap.min.css"},{"block_hashes":["Oihb01YZx+9NYbxll87Lw+l6qPb/hXLAUXS1nVOMbUI=","vHwX/F307yzsfxxdVPRvLFqbwIiumWn9atAu0mwIRKw=","30605oWijXeeVAwWdn2Xxny4L/K+SYjtG4Yfj89P4/A=","/WXv0o6zuOPEHnYCPCqEelYa0Zg5HMrxVwONLlVTxeM=","Y/syEX5/l+pqriMwEVJRK1XjVctOe/5xmqQ+mwwd9kY=","/p8ia4m6/QQNKL2EEY6ZLeFWfF7mcCqYgZkfh6oymDw=","HBNbhiR2PBrVdY+wLTjJcl/yICPU9O4UCRrKENXYJoI=","bM2D2EbqsGpRpDqAbrkXUH8OMVgy0fdMH0Pf3cgb86c=","er7Pdz42yW0JpozJxlQgW4De8+ZbHzbDNn92/WAxz9M=","EJwQgZLrrSvcDtW5QtXEfOfq5ltALQNjjqn7DcH4XvU=","TBMAfaOFHa8P5LbSDWF7XUmoxEiitrnoqNJxBp1JZmE=","JjwBgfBAEZJNKLz98pkz7pqV64n5bt/wGDsabJOPol4=","U/Spf6PjwExTQ9k3Ln0C+ZLEeKGa9knFLoILm3AAsrs=","cqQfhIi1ZbgPAIHeBNmaCCKJufjXj6Uy7PRI/fv+Jlo=","r0Rbmja44aHfOfag0uM91YrvB7P0h8xawa5k2+kebbg=","Im2fUKMsrrLS+50MkyhOOhkyHdUPntkwdKUbFEUD/PE=","ZDdjy4NsaTIm5RIVDZXisUD7bpVAXK8sVnEur7cWBSQ=","ITscKaBDpjG6P6bfg4SBvriocAM4utyGYFimNMDKgYM=","3rrkIiJJ2e2GS7Q8JZBBQhuUxvu1xCXIsyiMLuaNmrU=","E3b+t4xjDrnUQUueIPZnzc/FCgxDQeSfMuE5IzHLr14="],"block_size":4096,"path":"css/fontawesome.min.css"},{"block_hashes":["/udvfZQ385jeUF7BU8ZZcgDlBocmhZ5zuTImnMN2HQc="],"block_size":4096,"path":"css/popup/popup.css"},{"block_hashes":["t7KbBM7zKUiVinwmw0KlN0KMNxnDUOrSma9+MXWqK6Y=","LZ2y9vv3s8klrDafskDjNQYL2zhgln8BqFYdc+Mxg8Y="],"block_size":4096,"path":"css/privacy_policy/styles.css"},{"block_hashes":["RkyU3eTFC5hYl6uEAO5XR0d7P5q13rCFY0ImATjlb8w="],"block_size":4096,"path":"css/regular.min.css"},{"block_hashes":["6bYFdkGPr2A5x+cdnoPMkPhBSZA9o7R2+ZA85glcVKM="],"block_size":4096,"path":"css/solid.min.css"},{"block_hashes":["5K7Nqknxg9xcrsTqO+X2FWvg6MKoXFst01FsEqUhohY="],"block_size":4096,"path":"css/widgets/context_menu.css"},{"block_hashes":["F+beIYP0lhPLtxYqYW3zJ9HCESFhZ1h/Vgql6ZA+uNw=","xTZthXRYCxHU/deAtQ2tcIWBfBOU3B38b3TvRsY7cIM=","4OgUqULyZ+7gpdVa6UVxCgUTvKHy2ypTPKoNpQxIbxg=","WosfJ9O+wdgrney0b87Db0TNNlLVqePkDbjMhNTm8uA=","YS0CAkckKhe/3MzaPOUgFzGocHsEVQ3hM7NuCQEUwGs=","L+f5SO4hAuszOVV++K446tUHO2wgpo0R5KzBSrRF3Z0=","iSkdvmesvYRE9r78PkDsvsj5DonilTeBrsQYBjt6WVQ=","IhV76HZWN3nK6w6UNK339y3HUKXTxsUAKPgf9TvaHuM=","gqEJ549V0Yx+NhTbPmEVKTvCsSxwflYBbwbnTcGdsn8=","AyrZrhMFpIVYK6KcR3DzNRJCrMHq1oMbfvdcizCzia8=","DfidXYxXIL9uainGRbIgyRpZfmQYNpszmTPXHiR7lBI=","vfcyFWtIxC+Oabzm0rApcB/S5gNGl3+DkY7VSlLMl/E=","bf1EKrJd91JuBriWw3hH+L9vx6P1C5wC1uTOLi+CI9M=","TODid3D+hq/exLCnmhu4LdTL4QgMTNnisYJiCz++ktY=","cturTRoSL+PqbEh6HAW8wQD7r0Sprx78yol2czPAQZc=","zjCNHADyRNuCfZ9WVRT2m9D3oIyv1eoVUE3bitdgVMw="],"block_size":4096,"path":"fonts/fa-regular-400.ttf"},{"block_hashes":["1svjzwgA875l/Nu0OwhBlmxn7aLVjKQZnPOUcYWYVcE=","FQp4oQnm/eiM8DI4P3an5oEIqRz7qAnhnRSimejSsBI=","CgJyMFIGWrSvrcnN8oq3Nk1F5JmkTd6ncEe56T4PTN0=","Afjd25CmBh0jTn42gJSVIV+IMe70KJGaGL3hJ9CCbYw=","J7oH/ShsfLpx8EWa2XvXxQOK/goXAoD2GPUPdiMTdY4=","nkDl7phar0xetPvSS7hlJguo8CnDJ7SYrOLFRQSoJnM="],"block_size":4096,"path":"fonts/fa-regular-400.woff2"},{"block_hashes":["flk0QJQYlA8IR7JMj04vEZUj8L9OcSfdNi+pA0USrqw=","srzhHCmXTVlJsMaPG++0k3DXUZakQ5CkRLrdrBsMo+E=","YxUp9S00R4vz75SOZdJdEk8q1mmf31Po5DJuv/vGmQ8=","Z171aeq378fJASITOEj0B0tkXzOUC+Vk/6pEhAked38=","JqFSt7MJt+92JB4aibYeXZcfGFjiACNtxSL6GNu5CRE=","sU3GFOxAUVPPOYcZEfDjtTsFzRJiuu55XE7JTLFjQwc=","1Z4pBiyZrMhJyAvUhTymdo2HsX41L8BHq7X2etHD85E=","OcScYSAXlk9l//Jkj9GX6jLdZOMhPdCFj0qFDvnM2wg=","+fUwho6Oz0YDRf+1MlCVyblsJoj4i3vot3KpraNy4zo=","4DAIu2IHj7QPsfJX0uQqoBwShQ0aVj7W+cuLsvPISnU=","vJdnpWiDcGH7iblKCRan0zFJhLw+tR0Ham7xhKJYgvI=","aRllAj4v2sEwXAtW2Ep05DabnGdXL5QozniFx+wEPKY=","0s+1NOT8XxxUR8R5Sk+iOdr5vZHGTt1cFuIqgHx1BOs=","NwZbOLdhvPBMIr+pS7Jy+x2F1ncQi0bnkQ5or6bWCsY=","fMcFRD0w8/IHOwmyGUB2B8DpmUKNl3FfivZZXyfMU40=","2jWb9O9S9lm0tdfhY4cmDK8p/8bIrx6J2SQIGmAETf8=","Sidg2mJtJL9hBLrn/FWCWzm99+Dkit42UCyyRImLwQU=","u/vCf+qVVLyfSIhc3lCaR2//kz5t9EL0V667j4Qo920=","6gkFSzyiQ49NfpsTBWSIbEEcHMvTpfhAJqtQMf0d9HU=","c2PuGw6nyCdb3Bg4AJioexRV3lySshDB/3v7ZfG64io=","9EWBiYho2xzHYgXftzNzF+LKxx0znXOYC1hUAqHliiw=","oXto6aSw0LR3pz7M2GZ+99XBKkCowm5y05KHVCQugdA=","9DPRr68xBpfU/uqrhSGMkKHDeNC7irCjXwZApL4lnno=","YvKQikR9aOkd+1M8dXtf34zPEKT1Yh2MEaqCkrdBiiU=","p4c/N7IezXWPsRRYF7q+p5+KiPg9oIF4kZ14l5iHMI4=","D780vGAPpzDxZPapPrOUsVlWjy3FR0qXUmgmzKcPb54=","4uDwsH5PKRd/M2QqGKKbxr2FSkxQS0vce+KYusgfIoM=","jVntZC2KPddFKvcHQQbFCUGRHi5sOtoH1/BQlkg9YNA=","QdY61s1eqyRHG/IwV+zRyRJ6EYaGpCebA4kXfPBUaw0=","oQ4xY12sN/gZkCjwx7ruyzRQJvd4Tne0sTr79AXJeKQ=","iF8/0YQYPDPrWXBAhN2/0ulqQd2z8qulRwkzG42j3Q0=","WFSQpPJ5E1D1FVaVJZtYd9dTkH1hYUO99X0TG7LBh3k=","FzWA73roN7Mcag0i/qdTOUCFDMF67IPwjW4Gvpwm96c=","BxqJ9Etnv0rS+lirW/RB+CxndH/Tp+JZYF89HHbkZFU=","isaZgYXGUjk81RliX3OfgHwRMilpbtZulZQ47aEUAwk=","WyjfNWTmgGJIvyS6q4Do2lluMPLHrteDo4804hYgCdc=","qVXhEQBjLSfny5/csSQ6xNNhCdsmO2ajekTHTB4DHP8=","BkXZGvkZE59RSUdl5YL0Ed+8wyKmfSC3P+vxX/wAFHU=","eOFh+9YAlYyF9nwWo8GLbFiDXoJMMlDCDzmgmuIu9vk=","B9yEYT8GlccPs1AbDBwWxbAecL0+fKdVPahodpDu2Hg=","LkvzilTukWvVzOngWNn1N9nB6M/6RR5466tXFTIIRRE=","CGZzEhmdZ8AawHUUV4EfaQu0+ygw/kzKNBiALWrw3xs=","3cF/gfge5nCdzZYK7LnBnstooqj+cNWPwWx2SyAo1M8=","eciVyineF2RBqGkWWTY74zOSuF6L7bpIeO0l6XZa/Zo=","r43wkYLw2ITdkZO/hRNRE3btzqAKfwiQSQm6JRMpd7g=","WjWn16b21vPW72FuT3qiILAMM5v1HobtVC8U9JXqagE=","eQPkIwpb6giZTD4C/rjBSGow3g1K68oEAR34nICQ/Ek=","pholpTUzCdxf9VjeFUaPDYcfgz8/SOTFXKScLjRjTzQ=","RPEzUPRgq0/bblwMPQhzjMKW1dPrizg43tTxY4047fw=","JM5CndUOYR2d19DWgytp9DNrYF4EbRm7+VDtCOeir7A=","7eejooPF8nvqVa5Y3InnDWX8FfYnA1BAYECpk3FopO4=","mcu01TfSgTxpKUoCuVaOqyvdp6xY1wBbk5u+phdnf2U=","AtRNPyaPVJxwCFus57gttk1HAhU9WV971+W5O00G97o=","ujrFeFozmod4+ChotWyGmXOlVtxW/kaoLgmF/7UfgJ0=","/pva91HzB1lWquOOt3EChNor8F9C/7rjgk9JGhYf5b4=","IkkXmjUMoZ1W8tEMGONuKYyV+4dO4g+nlag8gTElaWM=","g7fTOODZmQlbW40qvmcwVqiiqvr0XxAhAmVwqtp50Hk=","vcK4E9lYafU+IQqk3jDCG08PulZ/vZdvUtibXBanhWs=","ACAliwc1siVLxinbbXnPXCxkW6PqUEyEJUhnGhlvbec=","SSsST7DXV1SjZHAKf/AVLxsscgiYh8oC04PniK8J/fw=","x81gDQuWXlupBEp2B/GC8iciPRtXhhUHZ/40LzUPu/U=","cP68sFjCm9kPAn+rmP3r1JBDBBK+n24A8+/brZAh9Dw=","4BtxnLOOh47aEL5pNcqXMfBh2M6UFymuJjuOCHPtvdo=","0HngICH63PcvIg2JjTaFxuFPFf5hg1FCJtVGXKCbkI8=","5+eQJlnUjF7V/YO4SdtSLKVOWHQFrmAqobAB+pdpLgs=","Ey86fwctkgAnSXRBaS0rJ4vUX+tlllRjk2w+2DKMQIw=","K0QMRxvf7HiaRwbeD3HbuOuCGG+wZ/HdK1yahMPPgmk=","ed3zBvndOqiUqUijWYjs1Xq9YQz5ZH6r401yyS0eIiM=","wYDmGvPEIrO063a7OcpwiSz4tGHa4gk/zFfQaplJQmA=","7TCmyNjOklWMUnpoKeiFnYWwJxqbRw6Pf7yxy/n1oEA=","SQOwEQdxezYhZv9GOIsxG3KQEUNa8uUY06uxDqSJ2Wg=","r1hdw8LIbk8scUEfi5LXE6zsNyGRIUKFlo/mcgTrY5I=","ubegt/dZHaKGiun0Ur6U4AefE1VkZS/ONaqWA/kxRi8=","ZOEepJev/F643VB9I81UKL8ZLNqY7+J3NWv6ULZFk2o=","VZ1M7QP79x7+z9gffVFZWD6VD2jWpRwgOgpI8+m2ChU=","sWvA9m/sgzDbk+VX75QeZu0YHM651FPN33SrKZ7MDu0=","tv/m0Shcb47H/mrEYua2DDq4uEdLpkqpgV21qUtJSWw=","ii6ZQATy9cbwwwWoin9u+hJO3pFCoKWWPXJyOde74ko=","3Fmk5E8lZvxHUOKKlBCfrnqwreXfTeLu0mvCSU6B92A=","++weYT6aEu1zU67H0HykQGoHD1wtNhOee3ZysmeHGNI=","RmNms7bPdLt2ltCDLNniDQkFGMEOMKUkyBXzExCTepo=","X0lHUz1tWe9wh1oltDUWbDLSh5tawgPxsWCaF3a++lI=","Zkyn607EIdBxDfXFVqLUpZ/l365KS9361lTveOZyjnY=","dQRup/IPPFMwr3iXaEwkMbsb2lZyFi4QMgL9BhRcJOc=","PmHZ8ew5htw/WmlaELePD30mmYBBJ+lFvwsugnylr5E=","J8AakbmXZGl3nKSrT2OSLhxqOWw5ZYygX8G3q78o+wU=","2uVS3MDKFnEF4itkePiDiZ6D9nWtmov67YnVFFOEqwI=","y3XwjzsYmP5GaubObpgA60IkrE+bIM2iVxD2BFmUSD4=","5w22YPRdMapgBocYKvfb9uFw42ZsuCnbQ4WKurZdeAA=","A8zjbc0STxd/Xw5dUxyRj5EAcQ8H9/NBBcAuxW4X5B0=","qUqwxFxYWaEv7vm8AKjArIVpplJ7gIZKuQ8sAqkHyto=","kxlciCj2KgO0z6Aqjlfpaim0ZJVC8oFfer9/vnIZYBw=","PjVsk6v7StDlj590nxeuEb7a5Eft15mJOwQLyFaclkI=","EMOKNR6G7ZhTR0osegmaAVCcUSGF+2fTLo/rSCLcTME=","M0C4cVYn1NPekh9fLHUX5GJVWjllqWhPo9/oQmtaYDw=","2mh0V9EBmp29xiGRCfNmD8MblYtuDmaCmQ/UDoDARbg=","DxsbvRwMa2IIZUao51De/URoFpgqkgLZumIeHyVMXCE="],"block_size":4096,"path":"fonts/fa-solid-900.ttf"},{"block_hashes":["bhSl4Thlld1PGcG9AkpCeqBjw1/lR3aU/TLL/Ga7sgY=","nSFOGxtaBzr/5umEMaotEqBUAv9yyvG8Fkxsn0gHDjc=","VHokjv0hwenvOVIc4lO/SMCwwOLR2NWPw74nE8gP1/g=","NavBtFfgSx3w8NtUKyWgMa7r9hLaTlWFTF6jF3jdRGU=","YWasfUcoSd9s5w1ctuN1vbi81178bTvGnMMqbdHCigQ=","8YqhXxkbg2HUxVMdWcWduW00dvyTsRgful2MYIZvVKQ=","dxMZlpGzhwl5OPy4/+nvB0jRTOI3eJV7wTB3htDh01w=","W4Knd+PM5hmjPibMm0MUdY9EHvxniAAgZPlM02CogV0=","fS6zBBJCfG8MrjBf8ToUTERfqGQap8BqcFlaVBU3UTY=","vJntcEOLE8hf3uYLXyyrcPF1ef2v7Qky9roU9xqvKlk=","Oi2xuJFUcjHlWlAPY4V+BSSj1KRXy4fsPGMJJnWXFR0=","/k63IB6qkJHe214r2Poemb3hbr4W7OAT7Y75dimfpyI=","ungU7YeXGVuchiQ/zGWli/7MWu71FQqm2JN6z1AMTy0=","/NojD+Nt527Ji85cj453lzx4ltTz+yVvLBU1Yg5m+3g=","B9e7s9AZRzjjcMy1u0dKRHBqRW0g6BqU+eU+9o4Xj7Q=","gTZpIc7IvIYjIImGfcg4+BAXt2DfufIxnIiaYMSAm68=","6dniacUj32tz5i9r9sVEuQkCgOnuzQDpRzt9ESoiNiY=","gZNKoXtPVgg/PS2d7ErQe5qObbzAe9s7f90RrEV4HF8=","F/QDHZJWWutAimiV1jCTyrFGKY+vRRtkXNnDyqe070Q=","lGf7/DIyYvOoc3MLEJOVUY792HDgc8vgXsx6SVMBO9Y=","bloOjBmekpBSUTxC1PazcCLHIlCUTQSPFvvYvMaYovQ=","qIRID0FNTVAD+koJg9QLvVJfD+rrTgYGNMyWDDVfnyY=","2gZYVsIEYXRmbt8WhPFqDM/0EOxQ8fr8u/MHymKO0D0=","Hs8XnfvxB8O0y2xfs6v+63LS4Ptu7Cy9v4Cg/OycXbQ=","Q/LbpmFXoItb7tVXI2knE1/pI5KEUECQYkLLDXrhTJM=","Z7yfHVu3wujf99Xswwl7PsenKi26Pxotraabd5NRUDw=","jNSW/qYDhQfCTOVPI28NR2jLZ0uerABjfXgsnBBASdg=","HWsI5QOKPW66xlaT/xavOTg6+k0slrOLCq6BhuHOuwA=","7EUJNmMuSWjBUzL473IftJy4nxIOx1qnVDy/48nEutU=","+gx7Bp3rBpSt/k/uIAA7tfkPC+Q9j8SXBtVS9ROW1Ng=","GqTvifFGlQIsj1IKv6K3N/5jMwfyKu+OVIk2GTQjGW0=","7s3PNcr21xFpYO2KmBaI8JhplxWPAkdYXbVnVigKRgg=","7W6kkJh+mhhvIBd53v1SEZ3Y9CUxPQwHLCoaNDy8XIk=","bqbcbNeC9n9fsWGKj0QH2XOPiI4mJxmQIfTCd0GWekg=","pjvPXNiwxFH8rsGYCPKWrY5DC3EafuH/DJaNihcTEPI=","Si5pE7ld23noBWEN3kubB5sgi5onrtg5pRznS1Dl9ys=","LtC9VVywDVLH642ZPEvw3GcAPBTXZxTh6KRRnMHvNDM="],"block_size":4096,"path":"fonts/fa-solid-900.woff2"},{"block_hashes":["Fg5iL2wZT0ap/NdELX4pBBmRko2/JjndhmByKC1+Tsw="],"block_size":4096,"path":"html/popup/popup.html"},{"block_hashes":["BwFtJFgkBQzoFkY+rRh0RKPxha/g/KK2Gi2oxQ1XaMU="],"block_size":4096,"path":"html/privacy_policy/index.html"},{"block_hashes":["UmVRaAg8D1U+AgHV3qIWhqQWH510Zh2Iv8ZcX8v8En4="],"block_size":4096,"path":"icons/credits.txt"},{"block_hashes":["rZ7NGNwpUM2Y02pfmpJRaVVFz44994YT0cqr8+xE9ew=","yFPUsdpPRUu9rRq5TO3aSZKrSmIEgKhYN+Spbia2+YY=","ID2uO4W+0Gquht537W+1n8Y8AMzYl3VTido7dzKOVKw=","gbuiGqQibAWUJrtDgCDpFlZC823p1jA3Gt8FOAut7cU=","jZGDu/eHi14wvriJpdDUf2eEfuQ810PwioE8aHvt14I=","jLgv3+o0qxDeJZu40MVRhQ5nSy3XByecYdswSHp4dh0=","DzMPE3eGtF+3YOdv8FmLIkWUsou0PoMrOyWx/pT6DjA=","a44AiuRnsMRRJy86vH2lleeH+kIFOZoAXbL8/sypzIc=","cnGqw644xCaxloNl46Uf/Jx1OCrCpluJL1E0aJ6mjMo="],"block_size":4096,"path":"js/background.js"},{"block_hashes":["Thjhg7RHfFv7B3qK1XUwShBVZmDi+ih7NDR5pcQIcn4=","3hx8F0zChFli/F5IaukW/7Bw4jwPwXhkl81c63TUjrY=","qehHxK5RG6xGNoFH96FmBTveLIAnFpSgp2uWifHGva0=","40KyJgaO3g3FaKDhCTIjZUWw37WX8CWXpxqThkILGDs=","d0uv8RNFQBLfKNpE5nDLXtrGyEe6xWigw+A7JqVqHSw=","jghTGbNXYCBbnF/DfFWBz4D/Q7j+1Z3J/JAn6b3dDCY=","LeUmzt/sIAn1Dd0H+fuRsuwNLHssstHAfX/oEzg6zHc=","xn0J1VJUknBT9bxMW1rthWjIQNSUcWyvjHLc0wKQvWA=","jZ1O9OB4MCGkvms9/851pyucCxzHTO+Svq0eRibxwfU=","CKMXUVwI4q2aOf6iG4v3jlXoXn4GFSHPtzH9vP/qSyI=","CRqGKnMeJMmsMGQaCBy2fG65q99FQOQSWvpsplUccK8=","qXrNmQJL6v/pglwBm/aXbcNYjmUNKlChtQR86m/7RIg=","tiUhJNWU8ffKiaL4msRsadghY4Z16AB6k586o1J1XYY=","iMEadoEX8IMCT/W+X+hae1Vme3umFMDcv2d2AF+3FlQ=","uJR6dxU2avDs98vML6JRAyGN2WG+3zBzrAjqGiO9igw="],"block_size":4096,"path":"js/bootstrap.min.js"},{"block_hashes":["Ed0UdiVt8tx0cvAr4HVaerEYuPsnNhEvJsCtsl9m5YQ=","k1BWIScrnTbHIXEX5Hj6aG6Jw2D5Nw0VAiKPvAIIh2g=","j+1w9cmBFoS83cheB0mArrRtPoHCc95j0tLZtd2DigM=","C7KbnXEp7Ltg3/IVdjomvyeWeaLyBOYigbHLseAMaYE=","OtiNI5ZEeZ1w0OZTJUbF6sjW9RHSNr1Kl5HbJNuasUA=","iLmyjMJ4PfJfbf8HGJXAvkrUocPxq6+hq6v1MfvenoY=","1jvk9fdg+KWvz0h0Oypk44SsbxtXG1MhPch3b54RALo=","EhV6bxOtRWhofOKkLunCj3/YBwjOGyrWwzGc98gcMYU=","ofrrsKqTgXpSwI2wu1fTkXDF/LoWHkYfpCKa0hqv748=","5uE+k8X3XxIcgxxDojc0Qm/qZAwN7+5yjd07mSRdqhk=","EdquE8bCV0xyooQSa3qoY/djBmBxr5jbLUwCmONif3I=","AtsC/7VgJ+OoISU5qqQED+9d2EIOM7WZeL+6aNOgl8E=","nf1LfLXrcuuZi/4q3cJRfFLoBvMdsWfqKaMd+f97Ygc=","o4p4nVPErIzdwfLtm1MRWRwDa4R66SUTgF4+NIq9v7U=","bwMKqL/l/SOq+/SUf0fsJP1UZZWqpI3CXC15v3FxxzA=","ly/rJjmS9n/samwtwQJ42j0VMyuqEbG041RhEFafPoQ=","+XN4tL7O6lMOnr79seMnA5JgenTDcdp3JAERfNbpkZw=","+r40KddEfUKCPZ+Lj7DPyjMC/9jmwMVIjCGsRYu7wyw=","4pF6HFB+swinDIOhyac7fLrtEgk+FOC9e9ldaIuwYOg=","LG3AWr4niORLOGrEg/dcoioE6Ek7l7vCNvt6PrWnBLw=","O3rsYv7ybodgp/yuXIWZLs7KZJVXpJ0KN7E7gnWCSkA=","kJkY4gVRMYnHfngkJ3gkNW3sGNNFcuqZgaMr1SutQ2Q=","h8LRJDtA0wUGZzQlfFsSIipe8LdANOkl9Oed6VVFftA=","e+34YLQs9EGHrHWCduDSEREosI188bAbZ9TvUEzmEMI=","9EFvPz2Osa3Ja3nNWbVblDUtu0xk4nxYmeK1MlORfoY=","1F0ua1piovZLdC1cufoMAAjLMQcbtedRDsPljBN0qPM=","WMnDPE4+MHAipAzuOJMH7faSFAwdzAQWJ6D0g/Kbqyc=","yzIpc6sYkKXohsMc1ZQZmB7ElrvD5L6hiEjMcAvijgI=","nZrUYX1p1FUQuD31BdtdfjJlsVyVJLlZNn0DNVsmErg=","Fnirzc+7vCnLBIlVC5FWpGLor/wbMWz3lEtQtMMK3/Y=","dEeKar+omESB+dDDYRPAkH0kh+mXRNlwVTrlj2Caz+k=","qckhIZ3whVmq9NGkEV3LVFuUmFlrtUf8hJzhtW81k+0=","C7g1Wg9EauFyDyGPTZQkq3TZ8IKYNvnLHqF79+D9bvs=","YJlBBJgEy90Pr8lEVQW9bkMlcDGvSNVzvREU9nSd85M=","KDHSMx2bhCfrqWe2Dcqy7IZo241XSz8jX3ATTniFkAk=","zzPP+Y0Ry223iVZpdsMYQoeoh0i+CitTWAcDzt30zmM=","0cb5ohttnMCdWuS+csrJkSrukVqPHKvgNBfGZzM4rH4=","8r9Tm2s9gDiMSKTsnGfh75kSncCj79O71CZ6F4JatAA=","xfzhV9eogyjQ4Gm7Hag1ZDCoCAfDoP33Mg0qH5PpnRw=","sTZvKOu0T0zN/9F4HhmCStJFFcW9Oodk1xCJ8jK9VmE=","3cOKcUptNCywdtvo3PKYqo47+YVhSaNF5Fc16uN1Ws4=","fOUEG+/3Pgz8OyLzCZpgPE47qqmr2MqgKT9mb4ErO8g=","qLQjO5huB+PL/1uEUjFwCTI509gVZUtJjyIBL9gideo=","jh+5+VxMate1Tcv3rAH/OAVT2TEw3TuzsFrT/ql4JXA=","10ae9mtkAGyujBIOjUiXQh/FarnNHT3rrCpQKE5QhSk=","b923iDP31FwrvUT3MJnwlymeQoCwDZC/xc9wVxe7kkI=","85fYoJtLaqyn9oHYA/ACuaX0bZDwjJOgF/KhzM6+DLs=","80tdG38gU8UpBMv9cR4h6DQkUmWD3FSycP3pMcnCBVo=","sskhSGDRtEPCMZjIzf32ZK07f8sibHLuGKsX5Yi2buE=","X2fwOerk9cH6/bHQ9iorLPBxUFpVHUaD3jB+Wr2lwpY=","4zAp311urwHtcaNKBJJd/aRTQZbyc6UHWLadvCs2J1E=","QmwsXQQx6jRmVnZA0yHwncx50uBizLrgs8Bx/wgHDfg=","kJwUrt/yP9YbLR8koovyllYQvH0+dNz1eMlQf/4RbsQ=","rpgO20HxzRsWpA5GM8qyuaczFRS1q7DF+DOapszsToY=","A7a93eA3r+IcU9rH+Y7WFgHro1N3oK7AnbTU7sSYKF4=","R/RxRIvd45NrHZ8BnvjV51n8okD7PE+WIzjF33Esq70=","BSBk4VRmBh+pWvfV+jOdLfputEHWjpb4tNGupWzITPA=","qr4MMHbdBv3Xv5qFXk9BcFkHVeF6vnmm8BPY1GiFA48=","1ByT2o54IICCAtM45mGUrFZ5OHaRUDtJWgJ5QVYxuZA=","R2XITtsgSPUwpCbewg09SGGpN1ECH+fgXbSYuvZpTUg=","cLib3s8hvO8WmRDSHVAGadN7q1F159OEquHmYsJgYVM=","lyTUppLZpIHhrjkamcqEpb5zOQ8T+qV4IeMPOvy8Czs=","AYWL9+vkTkkQCBAzSr7t/lULVtT6LZXPF3U2Kd2ULHg=","g37AcuKW9szxHIHaGfwuRqJwDNqMqdacl2G3P5pfQ8E=","jMZcmujpzw2pDzeB08u3w8p4G7kza01ty7gIxGjnpXo=","OAaOww6DKDmP5MDoZEJtmz54PVAxL530qBPHDjALu/E=","/Y8zW6cT9z+yxtAHtgtwxU3nnCAjInMH9rQ9sRD/azE=","2VMo3I/RRVW7lU15ZGqo3sMyMs9d+ktwEyvi1WlLx7w=","K8WEozP4obrGOTNQoy+djDl6RgVrkfiPmjh4uJ0n7Ls=","Fl40J2xWYqvZHmmTuOnh41n8DbR9XGEtHEQvL/ym6WI=","t+XIJBAHbDeJEgCCqpGLvgT6igg92ZNc4KkRiZcj1iQ=","ptS9bsuP399/F8jGHQerp4md61pcRMVUP0IkEWyHrGo=","5bDR7Gqair99shi1jyEahl9l9OJJcx2WGquVEWyH/j0=","8+JJ2H0Uwug27xt2uyzxNQ5TjwjFGFYH8Uq/UbFMAd4=","51nNYb7L8bXKX89pdZncVQNhH7WBAQ21WcRefdVRa0A=","JJkjHNe16iJ+7d6QyZIAWHVdVM+J8S3HykZjSd4gxZw=","NZtw6bKam9G+1aHo+svDbQ5746ncEL3URNJ9/r4Pncw=","pZZNu41/1g1HX0dNQStU8RrLmLtq2TJwezKcHC5QgdQ=","okRqQOJRwKxKVmqoiGHnGH51L1R3ziPKyw6a5vaqfkw=","zKNhYb/WKz2+/jv7GBXhKij3832Mw4bo9TLVxUJsE7U=","zsffMpi/tYeiRopvPhwfYl3hT/5aDtshUs2cXtHzT7o=","jSe8OI+eKBmgOyWIHE6j2B3fU1ozUVrMH3IEcAltYYI=","2AbR8QzKoHQys7/xx3fnzZn7sntr9MP1bbWHnQOK47k=","udnCx3r4YefkDYpri1mkP+ludt4e61r76mMhNHP7/ZI=","FHe/dOWx3kD8ih8tp1k0akjHKpWo4erpHYTyaT1ixqY=","VEqnYWwBFPZbFBt2ijpgFBFPVoTtmbpbsGgwB7FUmDU=","SVOIkeypwzsp4BXbx90MHvj0NX3V0oi2+BQGPFOm014=","FzTHVaur6+xifXuFC0Ja4YQB8Zi6iTxZUW2spGUR/HU=","A6QBcP73mubnY1W0SHM5LE4mhbTQRwtZB8jGKLydV8k=","OmezMMYNL514np1+3Ge/TlD6Tf0aInjn9Tt4GA+zMbY=","K1NhCHbMnjluw/piPcQ0iRGa5FMb9+Hkt4Gg7wVA1Kw=","MZtGjFdezaBZbFpa7KgnulZUNz443qU2i5PY+KJDpg0=","H0tiL9WyF/5OyXo6SmD6QICAqDsEb3SeR54Zt/zHCKg=","gimbCgbpYtH902qGR//DvEkLZNRowHFKeYkwXTHP8hU=","eo2l4Jo1ngcLqI/910BbT61F971YaaR9WmaD+cvbRz4="],"block_size":4096,"path":"js/commons.js"},{"block_hashes":["p8SZ7vHJulIT4lNrNqFeHqR6FSB7hbMNGUAlvWinO84=","ds7pY3G7Lr6NktATgw4rSkpcbWrLfRiLAATWD3FyjWM=","17wJmmCjKaSEgpI9IYk0tm3znPYPEC8OzBb+RwTsnvo=","8nVMDy+PtZ+T3Rh4NZ0WzM/uHLy1vydsjMUEZW7dfHA=","hqEmCT3X34Owx4L6QbvUN/RxYYB3S3WH+uwrBbaiStI="],"block_size":4096,"path":"js/popper.min.js"},{"block_hashes":["jmv4xCKCxwKvLNDA+3i0IRPlIssSejnWLY74Y5V6ogA=","qDHBELlQ8oKm6pIyR27MuLmj52YPP+xD17t77Wtb7Sk=","vo85yLuX9T8Z1Cg/Py0Lhvb6/+5kMYL22j4A5dU2va4=","J5ZxLmdzGga7YW9Y2Vy2VKimtIgicoU8IuJW/GqTrgA=","B6+52QTie/lW7kXTvI5EFYrGIQ5Kq6h6fZwmajMP/0A=","ICFDEe6KFEMWoIXwuI1H4PTQGGAsY1cAxr9/LmKzUTM=","OozGACiI6nJ/avYPt9fgXp3Q9V/2gxDPw8XL0fhDsX0=","fxcgkd7cD+egVEnahHwBtPUX6XaTgNMSzCLdMu2GHqA=","1WJ0zmMARxKB8iy9SJ23TGEczUDZQ7QVxuzop7pskbg=","5TqlQ1+FIkKY99IRSYhTrne5k5yHNnAfxMDnd/oxM/M=","VqU/XO3UL0ASk092SQs91qijE2pN78u/YQqYaKwFGs8=","xxIZzpws6bUXBlroVq4X3U1KLGBwrO+XHQUd4McHV90=","QhahyfaQvHdpwQuiIbbh2Xf5dSQ/dqk+CH1U+sOaEX4=","igejdQvR9cQNBYeItb4KOdW1SaFfMltuQmw8lMcn9Qw=","d+LzRTFOEtFRnKp08pZ/Ag0oKMAUAKBZtiBlD6Z91kg=","3BmUNd6zjZ3Ww/ee2Ygir9rHtRONO43Q74ktEDf25mY=","pqF6Rw3Lhnt0nxuOfHx+YuoUippaJ6Rh8wQthrmBEC0=","gO+FPgQgibsTqPBkkrHKzNej/Jp7jibEZv1YhTqHZXU=","YBzfZqru2xfyalmxF4vnedwT8WsXump90e4X39QmWfo=","DQvtfN+PvG7zow5wglgaz8uXa0TSqTMxverAfOFtNS0=","Hd5HRHDquV+2w3o4L7JQbOji03NFVs+27dYlapZF+4Q=","VsXXWf2Dxi0qCcOHKo+oimGUyF/gnTF+I7eVGP+MedA="],"block_size":4096,"path":"js/popup.js"},{"block_hashes":["wFnkd2q3Rg+rogNnkZT1yVo4E/J1U4EQBVd9J8raRBo="],"block_size":4096,"path":"js/privacy_policy.js"},{"block_hashes":["DHU+oAqnr/1x8lyPijFFSrh3GkN/aDw3Y4u2IY5Ecig=","UkLW4S8ci+NnKDg6QReYewN1/gJWvvEAoOuJ/9YpMUc=","buWZrlzAqChM5yO+qhEelievsId1asobbFbnE92Uo7Q=","lGm7a+CIgkEGKHuvA/G6FEm73nwNNs2fg4cR7vyTsC0=","oOgOW8k9BRinktfEdOYzr/O9nK3276C8WmDxRkKMXxI=","nvpBvHzAY2kQQV6InKWpGvolB6qJZYyIj4MSCegIEf4=","CGN0keQITzO8klwyFnlNna3SnLcHeF2cMH7q1jgrOfY=","Ds/ZCceGfyOzj9biI0T0VPuFpIGkV7FE3J+UOwFN93A=","ibP/s8ReFSGpV535r9eRz3Ed12CffHm0MhHeD7euK6g=","h0oZj2N220pJhbRKX7e/eYZAtqM0PBhcSQb6yjTLYzE="],"block_size":4096,"path":"js/quiz_attempt.js"},{"block_hashes":["vvFg99j2/tYNcDbXc30h33pNaWi3/H0E85SabDNSgmQ=","YN6dazxg7GlE+hKhZiIwKBe2LJTRTPco7tcwF6zyqWk=","Icn6cjX656OXH76IdpBGiicNIVGJlaP0yrCsQTg5REc=","HUkGXoOoIXtRM1j2tUaeBGztfBZZ//a23CydN9ap7Ao=","LPfQmTsORYZqTPn6usK/Fpw8sQzEkHasaGA59Gabnes="],"block_size":4096,"path":"js/quiz_board.js"},{"block_hashes":["Qmp9u8TrWDBJyfydPX5H14PRNnqNX0mfx7mlDz74gQ4=","bf8rq6KkyVe9ti8tEPGkMS5JIxvXsv2BrT7A8WftFk8="],"block_size":4096,"path":"js/quiz_overview.js"}],"version":2}