{"file_hashes":[{"block_hashes":["/GKO8Omh+/PO/cI7aOSTLUVvU3XUBL0UytAUcEgkad4=","I6fnKFm/oIJTa3G8hh6IB7+gLVjKhC50opX39vv4O6c=","KjZEsQ+aC5p3BHVjvESL+35xcfYNj6eIQxqmD1U6yJU=","Etljh4f3q1DmeUhs+tQRHP88z2/2SJn/RYxCVB2xwIU=","sA178lim905NwnEoowm/ztbdHQ2wArApaMXox5JFWS0=","GLS/mR476+7krprVmsAdhcXOtGCgRNOhwVQJ87+gX5w=","JPTJabLhV2v8CogmZ1aDKfIlhsOZ4OemxOhUDrxFKno=","TOmP1h+P4Ky03BG8a2JbNXVrHrxjp3M+JaeaySTID+w=","grKkb2cnmPk/jLZtu7SGIAHI91RJo+NsSAmKQAp2ss8=","xGdBLUGTpoywb8xm88xbaDePKLofsdeqsO1JutvszrY=","9F+wezgKnjSfEww9mgyxCo0hBtswP5mo7qGenUHX6bQ=","fsnnL6hMWrjqRvcmrDMYq18UYW5zV+rWl3KbJPsdGxQ=","Hz6Q26Wo+wXJGs0Mg1Ijj0399ObFixqiYv3R4nioELc=","j9Z8MsP30hv2xWJVYiFZUhiwzuuV4sqEkYLRjHn1Pqw=","zjwkVjAyDP38uxb/zvT1yUjITaWKAezo6X9RCqpvokk=","lLqQyZsi97uH7mflLNzX8ZTbngB11LWCgukimAAwXJ4=","+JRKEvRNHIaHGdQjdxrxxZKR5oMO7XOPQ4iwjBQTpCU=","yksDTyNtmnD4bobR+XeUIUgh6Le1J+XIqe/KEBT+F+0=","rrquDFcaZVGQ+ubu1EZCIk776kJ6xaHeuW4Rox9qob0=","+vZa83BtEFRJ78szddlJbWu9Fipp66drylBWo4Z3Bos=","CvpFAxBqC9FfNMer2KRvzwM1wK1CI0uk25HxUXVo7NA=","KKbnRfcHtPLfxEr88XugkfRJI8k1/ZvZeY6z7HIOhT4=","34cVelr9rnGmfYxiv7XNWbNyP+HDpm9nlCSGe3kQ0Oc=","eCxc3BTwD0OiTFa1GnNc586fTVJLD38lvcLG810cp4I=","T7YAiy889g7/3GXbpOrpBZkmw8HXs9O+uM/qkrjF9So=","rpjG/5Qicj1BvhsBowIekkBPd+2ykNYj85FCq2FJLTo=","VDQYfuDObuMWrBZQVDU2ub8QgCobiDzUMhRksNW1HQA=","QK4/ypf13O15XawlazEPOHkMHuyjeTziIOLXat6Jc8c=","7Z3wmHwUNVuEDAhJDenMy0v7Irv+1Mc6G5H/1lb9/PU=","bCaGjC4UCvNIvZo4D1B0yVlAWAxCHheE2qicSM6KbME=","aS7Xv2332yKLYVz9CXSCBtNS8e6eXPlg9NNDHcu/rqc=","BE/Zb0JJ3FPb3NznfQfBeKpjT5YFbO0TPPs112V+924=","x2RX1Nvhxh9cxC8nE1/slIOCwaPat/QR7zPlxSSHh+Y=","htopY2G7JP5+pbHyaJh3yMHT5tNwiXwfSAICvX1uxZE=","DZjlsjbdn4fNJe/OPlvYKXrzbKcqs1RUTg/nGjiompw=","KpzT8GY+cqiP4M3bp+bslcXyZwt29N5XAi0ZF2DwANw=","hZ61tWFVmQBQ+J9iqfd7yrnPIPVbyJfrCXoaHTDX4S4=","YtIlasiuHraFDiGBTvqlCz4W/Bwc9gM2BQSgZHkSuSs=","XCA3FBVcPmqX2KEHJ1H52bH7TsKujmp1PmkpbSv4Hqs=","9r0u2ycfQLEikL9XVy/V4jPd7qrVMWKvql5HPTBYOuQ=","NuGIjQ/1gWSVVBHEXWeI6mQtvJcRi8lVPprWLOeWSnk=","ly8jib1q3t9wL/Vv7IQztOwcx3xddbq/9txsVF9ZO7g="],"block_size":4096,"path":"360.7be2890de0361c481bdd.1759076699699.js"},{"block_hashes":["vIOq/0PT75MBMxu/6qzE0thUnfyQKfeGvWq90yNjsCA="],"block_size":4096,"path":"360.7be2890de0361c481bdd.1759076699699.js.LICENSE.txt"},{"block_hashes":["1t2VJVAd0GoGyAQTBWkDIMajgunsqEgbK/5CB3cglBQ=","MWsC9GW20vPT+/SfBT1DhQ8bzBYvpitya0GPtzpIATE=","ZRbyrhTbR05lc86yk4mFBge3t2BC8f7WqzvSqbD9AHc=","yv3Cy0WqTHXL6l+jVJOqNkUZEHvhxm17FoczRu+BJVU=","f9HVRDkKjndYhp8ksL2PySlPIdkJmp/ECqFZnNnG2WY=","BJCExNIQ1cQpJ7ZOB6EFbEaw+HaryAKr7d0SHqu+MzE=","Mq6y1DzYpzKrRa4ESVqcPmfPtetqgQZ3iMJuCBqPNio="],"block_size":4096,"path":"391.7be2890de0361c481bdd.1759076699699.js"},{"block_hashes":["/49zmo5FFoRbfy7Rtkk4C9kkT8/ktov7zgCdufPLO/g=","yajpVA2xS0xE6GgQ4mBDw3OBC/urvND8OYawdrPRAfA=","+gkh+GWOTrSV+aBNhnPsEVkeaX2TZ/JHQcBle+KnoGo=","Xm1m7BqowkRldOH2GB/ZBwIpdmcF/DZI2F14TZW4WlM=","HYK6xaVBgVwtHcl+kEcqdLP+9W8+0b//QQd5Hau6DGA=","g8liIkf/tsef5EdpFXP3NxWzmx7IPeyCW9QyFf2yWTc=","vHpNgRo3tozwwkTOaU8j6+WjT2I6uU03bKuu31hk4PQ=","BJL6eCzkcxLcSyt5MsDnCbRG7trMkJUcJf+44NBhk1o=","8kzti8y0/Nv9boBfdP+5Ori3FGMtPx1nBDycL0j0m4I=","0rM+jaUBn/fkwszgRhRNcn7D5gUzq9a05m1GwEtnn5s=","JT5gX1M5w+ABPxx42N9XSoYOc5DGSyWEvHBokD8VAeo=","cMzgFZBjQf85+xd6i54Lj4ThwkgOqIVYS3PQYleDrYA=","AkZW1E1Rcl/cKla2BdfYfc33oTkhMjfMYpZ9mHljcFY=","6xZxj6XZ+S0ZwttEEt++Ue0SRgD6OMhikQFT/218X2c=","ZOjYRYdlYJpMwJZI8TA1o5Pu+Wl00PyoSEDSBoaogqs=","AW6g7BGautouAh5dJyLXup1WM6r1MBmOoMVCHNXX13E=","drYQ/MId1B7/3psFtFQi9DsRQYCVP/+rufMobEobDW4=","ZtOBvW3j1JD73L9/WYUMHJNmWoL19GoSjmheNVIa21I=","I98cEWqu+Vxn3Tygtv4cJbYGbtAfPs18WL544Z4ANPg=","FB8z81qc6c3mqqiijm+SqT9KDMK61F8PMTl796JpTdw=","PAERLaH8s2NJQJA9YlN1Xk7EIG5DHOgGtSBMWDO4B00=","2VkN+vcp2FoueQjNf0TT8gIx3jKaxXPpIt9a1b1Jy80=","+cx4NCCSFgwVNcEHaJDXyq9IkZcKwJYrvmNIB4MHfO0=","2dXTYxhfNXomdSTj/L3fFS2Ko8zKs5nRFlb0KWdwHKs=","/BwN6QYe/CtrNSRH+jPCB0lxLzJ4yLGR6hYMmLsoSsc=","dFj/2zFJGa8IUAxipW3lwkBD8TlhzDVG+l27eCSGTLw=","UUUpIfYb8kHMj07NrjhatHZUSpt2PcBhXhEPN0pO99c=","K1Pc7Ah6bt+0Uewd8S5xOCZMAWHvBwozAAHVEqUuvfg=","LNSOgtmEl4ZRizXXbDX+sJABU89J2wkbm7VpIVBHTbY=","s3jxnGcZLvN3c+ax6HrzZzbTwMOV4f5x3w0TKGPrheY=","rvFwOFNTIp5/3bnrHiSdYcxvW2ant0Qn6OiFqI90v5w=","EDPGKU4ZsIRSY1r6oxT8ORo6DzcoDjuor7zDXyPU2FA=","Qsmwp6JkBQi5hsOkPG7vd4njA6C4LZixCQVWv4xWdmA=","4/rA4T8tCK4YQelcZ5d755y1Hg8jFTbBbDwWwnYW9EU=","RC8r2iO9SuCVvBJd359hu23w7h1O/g8sR5K67j57EtE=","CmPXydMQhbLjPG5eyD6RPE/1+n3/H5uFxb4L0zFRJL0=","82Zf0QlwsZWoSENFpbfPU55kLR5rABWEL80x/rU0mzM=","VbJjf7GrS+IjW9K8osOGiePoT9016zpHboBTsjfGAnw=","nE/Sg2VmRCxL2ODt2u4oOLEHkzVLoSSVN5F0tU55fRU=","jboCEJn89mHxTCBqAU71axxO+91Ya/KFEtQZ674W2Ak=","12AkwRe/xRjXFPICdymPdUUUmlZloMkuBTPb/FQT4Rg=","LuYk0QGjYnAuXBHxV1QiCcVuInB2sFWbMY+AhbHT4DM=","9aUW4Q0Pl/vDAI8BNqQo66zovt+e1LUxlBA9spQkOo0=","UcX2mjiGiMIxzeEWcrs4DHQbn/i6LNcEi1ZaBAFiT9M=","gOMrTXHKAQJbbdDT9ZPi4Mhc2HfqO5nlOir0aiyyDcc=","nL1UvkKBE4H+39c9gwKlvAjNUBfIZs/5ZIBKeQ6fwkI=","Y5jmpE2+Y/5tNHC2v6cSdHV5Il3EccdJitjU7lcsDwo=","hg6PapVuoe9MypiL0g0gTwguF4ztxtA4GPBw/Qp1i+c=","lm26DodJaxuAbcE3Df+GmJPTSEu1UuZ6h+bNw050dCc=","7CM7bUaJ8MFLsYib2hfTi6fgjnEO3lpmUspUeXJbUQo=","k7Ngb+Pz7Puq47dsyURcHnpLAI0N/8ZE7ozIjP6UVLo=","ZzT27ES3SHolrLv9gUj3Qald6JuHqM/eus7ftf2LL5g=","mJToQqXzN1AwDmVepli6wi0iaCIDDM3z3eZnij/Mk/s=","bnXOEto2iIQcoMpjC1PA14BdqfTrXIsb4DuLv+miKgU=","QygkDTJ5uEC+nASVvc9v7PSFMJcyVoK9VSOxaMf6jVM=","+dNIAWUfQSGy7DXriQnXdpJmFR/fIH47eT4Ik1mN/Is=","72LfUSmpx8de6JzlkKLf2aQkN7r4YVim4NIUiK54NMs=","deLbzT/yDqBOCaWfAU/ahnehzT7UVNWramXSEqmPCvg="],"block_size":4096,"path":"756.7be2890de0361c481bdd.1759076699699.js"},{"block_hashes":["vbhH0a40pbOxTDO1pCilED9eoQoVOQwle8tLvr0JMmc="],"block_size":4096,"path":"756.7be2890de0361c481bdd.1759076699699.js.LICENSE.txt"},{"block_hashes":["hMUmquZqnrXxg7GCfMAtBYQWztoG9LGLE4u0w/qhRdI=","TllwOl1hWdA/KWeMul2FMsbYboFYIGHI7jw4Urmw04c=","7g3ClXc+6nZAFbOxfgL5hV5zJ14V+0WStAVA19eg1J4=","HLOgVUWSC8kvKKHLqf90YpMFU4+HK0G1LccOlLvqtYg=","MH4giWwwfHRIeZKFu7Qba/+pGxtwTbgvpqXr2ld7zmk=","5YcSvM3Me9TKk7bSJ9l/fPdYGZEhONCHSs1Epjq8HrQ=","XjoH9ysUjoVuZ7lDEj0GIjJuaObcFFe9cR5kkNtVzVM=","xkRtNvLiGhtJ7XbL6tuND6bipVmiX0/Q/SStJF+fcI0="],"block_size":4096,"path":"787.7be2890de0361c481bdd.1759076699699.js"},{"block_hashes":["bXHZof+xw8E/1pOuAq316FjCRpO4+hZC+ATuzkN0a94=","lYgKxKZheaEhfL2hnWXCd3qBLl5ZTIdDk84WU2cB9v4=","OpwceQjNryUrtJ03OIzq9qYMkoAUWMoZepteX6J+XJw=","h3zYA+4fYn/r6uldf2+iAToXnNbIMFLU+i3tiPDX2XQ=","F2k02M3kFHk5OB+j3j8Y5Qz3gy3CEYlYGwsQqyN7CgE=","xnV0fIaBfWbzvoDkMw0sqtqufAo0s7bG9Mf8rjSeMC8=","UH3f/azUg0qP3ivF9Zs5CJgrwu18nc1ZeiODzB3Xlu8="],"block_size":4096,"path":"985.7be2890de0361c481bdd.1759076699699.js"},{"block_hashes":["EWFhysqJ1QxfM39AKpVMrg869Wx6AXxz5CSUyk25JgU="],"block_size":4096,"path":"_locales/tt/messages.json"},{"block_hashes":["WB4zm+DgHxCT+zXjlBMsap5HpKEjPC0wBI0LgPBbPWo="],"block_size":4096,"path":"_locales/ug/messages.json"},{"block_hashes":["cWJQULgMFMasQ9skOY/EvmLx+DPxyNgvvKstiDuOZcY="],"block_size":4096,"path":"images/16-on.png"},{"block_hashes":["xwkLtbptxjvGezowtmG+XwQhaCG7g3C159+d3ByRo38="],"block_size":4096,"path":"images/16.png"},{"block_hashes":["GRawf0wqefrvBeEXG1Symu4JKLTBPtuBrx+9AatB4GU="],"block_size":4096,"path":"images/32-on.png"},{"block_hashes":["bHEzcRMhneIhoQDfFHHGwaYgTrjpIqTl4GLOWygPshs=","0beWl77V5btNbO0fs8X5tri1NWqOUL7jFK3YFwqL2Ac=","A0LyiIy1CT8BWqTwvgNsIUH/0JCF+0HnolMCFb63mUM=","s4Q215irGudhkjJnIOSrr0a+YiaTjlgm8xoeqhMVMEg=","pkh6Agk7m5/gi24shEiY5U2ysZJhFLVkMe5AQbed3c4=","Z6p9FNOzRxmHpNbU5lgf3+TDJplIDtE050dOHkyY0to=","7/0FSD8NKomFyRk5CefN20E97Pu1UkpuuXgpgN4ZyQw=","gaweZUsLd87EaFChdzqETL0gQuGcZseOu9h7Ifddj4A=","UCEbtwso2bu7L4ZfR4PiNDguF7EzL7Pl74AjfuT2PTg=","bKmsehdq7JdXHZyd2R+/4eJ1d2JgEGHaMN6VV3/5ggQ=","MQa7w8uGSpoaPKlBsR7/F+m+AQ+QbFN3xKpsmtOiU/k=","mcg0QqUOI/b9RyJEsJBQ3/C83R5BqGai7iCLp4cygcI=","6KAACtvh6JRKRUf5lu3HJ0oBflbkg4G6m7If9K0+pUQ=","sGRxcEUAQBKDRrqjnUFC0poc8wxBh1WsSxYxBiqMJEo=","pP/D1M1F136LBvN8Cddy/ahbAnxCG+JLFG0Os9sqFho=","givOC7PR10OneyOD6Gwd0D6Gc1Ot9N/NkNQ9SJ8xZGc=","UxFPKnIbXLvJ9YhjbbU17YhOw0mH5o0BrruHGxtpTYc=","xTAqKvevXX2hOkBm0FSIGUAbkf77h1L55fTGT0u5hVY=","6V9vVX78aVx/YZtU4Amd3WE4fC0N2fVORU4Xxxc+zkY=","eD9v2y0QJj8zkrmMMLaCVgbtFFt/dYTugCIjWrr8CDc=","UCKte8A9gwFfU7AyETpgJ8pBxRbWlh/89xc02++cIFA=","8yqroVF2ce5xrHT7Y8N5uK4Kcj74X96WIIyauXazgw0=","iBAI69KH5AZEBRyUFb+iuereisPxJTxii3+nRvRmnCc=","HB6Tmw5nI8huQCfJpjExaOMldTFExcZCzJ9f2IAlMq4=","iVnXR9rvHb5b4v+Q7b4J2+DynsucVcCNNskN3qBswog=","akpAxxzvdyc0p0pZ1tMA8Qg4Pvsq+2AsY/ncmxvL8OQ=","x6iAJx3zR9iT5a1Ix/QKpuumecHbRmmDgDQCGSfx66A=","Afex9Ecv9xOf5yGTS5CeqpSfBVF1uUuu4sjjjJvv0nc=","bjpUyUTLq8JSUl3PjBjKcCwBDiz8d5xep5vg+/3RYFk=","O84iV21XBrv4DF6XADyIldBmdAsIVFBCbcgrq23o19s=","BvZ5yobSI/HX1J7Y22nSK4QGCO8k/TsOnnRFSpTz4BA=","d/RGQTf/q1NMp1nGSxViK9IbfMndWJgixCS2MSN7Q6M=","jpzJojX/LLSvxsiIEiV8UBJjKSj9PxPKdDRKIfSOolc=","/m36WfzafFclg2ibaU7E3MXbmsGJnwEIlfk8PRyyw9E=","Orqk27/41pK0wJM6YLhhFcdcwR4jjZ4su2o0ShLv9Hw=","UdPgpVOofcesOIIqWBS5B8CPvwuHRfR38vMyojiSssE=","2rc25DuEKpHy6WsVDsnZVlRWp+Jps0H+PB1NDzC6YQI=","YAEUm3WrW3e55s+PjggeCZ7/HdbqMaa79wKzk1XU4eQ=","ks2yXmzX1wur1UwH74FGta7+MvWJnFCVIYF+mFjz+2k=","jfONBOSCG7Xc5LL0eVqVQTm7xCvjyGnYXpCCAogc7YY=","tGdz5BWSfXbVQeIxbDj++J+SCco3KiTcBuq91Xa89H0=","KAgJD4/8bagMk3slKjEJXPk0yx1HaOb5MwLUg1zVVT8=","eA7VUVCAmhPaLSfJ5FAD4H91tP1e7M6r7ShIH7lOukI=","RdrhGpq4vGdrKHKuHPcPQLGVqwUTB47Nxj8Fi7DxHG0=","8zJvWP1qC02xWWxRaXY6H8SIbk1On9lAlPTvGDkK7CE=","W5pDUtks7w7Bv7nH6ORgnL8No7Yy+a1MNf3Mukz8j78=","uLDwhYw4uUmI428BqKtmOGFqQ7bSopTSqiIiBsGlMOA=","gnjTbV9pqcVK8ovRMcV/BqZHG8vOOZIIMEWi2PyZCUc=","wA5Dmhl5xloZFisUNzC4JEXSIuVmKa73uIdnw/gKMcM=","caY4WHLQxuGenK8w9wY492fgAjlBwqXh9kIxxNXQHs8=","e8SjJ292rg+lclhRYRJqUO8OVC5GbVrtT1MorpbciSk=","AVuQj7yvr8zk9ynall9C0FAValSJO4Svkp1ELNzWlI8=","IcmhE65331khZHTRCjQR3ie0B29/NMhNZAXmi6RscUM=","zByZFQkSXFdB6/iwPDR4Lt8A95cVySndqHkqVbzyxkw=","WGjk2ZkwtoitXRJQLez55sTHM6lNgqIpV3I9ZdYuq0U=","gM6a8aIhDFTI7bAQa1yGRLUad6BPIyjbfLZMNpZKvt4=","l0jiP6fyEQoa5g3rEfPMcu4gtIhZNuxHGAnxAsA63KI=","9meY42niD1MOhju9/qADLFOEq4+gLL2cV7nGdQi1jds=","K+p7BjmIdN/iPftyp+bLMk4NJYkWgekNzBxBqjhD4Wk=","2QSlzi1XcsbBU7Cj5MUJ7JDSQl4gYegl06TCVuZedLs=","5ONj1cbbcxyT9QUcFDUVPGv8R+YKW5rye1alAh+IsfM=","MW208M5+XxaPStj+xMCZcCAyqHTG2cLO2PviUfYXX10=","1utQBBoYBq4GuY+Hv3DRr8rdtpe/NpJaIiiwWKfnHMY=","LPaLskCKzFg0TDwQtFccd7eh9p/NGHjMbTfua+OZpFY=","I9FUNzIojapOcS/pvPOVAjQS8+fyO/aHKWHfAnyD3ew=","vKDD9cRU5fzxIbveyoMYu7eBR6j384GuCYFpl3XkG3E=","pGL0PxjbrYvs1jK8s5wpEyE85KLfUkb1b1P8nI2OsTA=","X694ZPv939MuQGtWjsQ15HyGdQW6CrsnmoOGHc79OkA=","6ooBOGhIcRhWVp+i02SSdjGyM54UQznFrXH0v+0YWg4=","njFwmRq0EvA9M6VJr6aWDQB+Xk4pHio5U5nx44qWcvE=","feTtFbM6l3U4pkChgbLrqDEOecTuqnGjWXp1ZSVxNjs=","c0Bpc8/APePljVnv5NNnM5xsEIBOTsNRSw4b99Bnjpo=","DOzty4Rj+ytvuDC97pC7+th7hiG7FTHXUYB+xBF2GNo=","XQ7SSmINETyTT1b8MZXWpYNvIpUgunUIGlBh/6jLvw8=","3HZxsQdHPzVo7rGFwpHVR4wtSsTQHe8xbbJpPXxG+rM=","B7NN1PXrBeld07zHXam0WMvckp098tp30Y5cG18flX4=","VVhC3YyQmzNDtIwwHiF6PjPaiWoZEuUFRMwZzihEuv4=","r09JrFk9ixIP+A0t9bPI1G2NN8cXWqSU24j7iKt3j2s=","O7b6L3sruE1YV9B8oyXimcB0FCh7G7QxtPxYqtvea7k=","R/Hac9PZdDsH3p7k6j+pug8dKMEQKVgXG69Worgzsik=","aGR+SuUlHWkCRGxOSziNUF+/xS9S9eHCSa6xTSXLIBE=","yo637HowByIz38Q5vbelItmtGO70BWySxFex+N3u4D0=","BJ5BP/efTjGLx+03IPQFFM/B97zimeF1Qt/htPzuzeo=","wHQmVvBbB70eeMvvWdpYkyGSnEPXGQULiQI7pINFkyA=","TVXTcoF0lJQqAgXSbOcqgMIT1R3686HuRhwpEAXJLmw=","/dBx9up5fqPllMoKw6DXmc1bxSIzJJrKK2v1fmU7yak=","pCZxEX1lSOqZB+abU7IN33pD/BjusQk7VQ4wbxpCKlU=","+ju40PM27j+9Yi8XOGsaJ52sWhPiMAA5Bw/g8num6e8=","QZLT4DIeWB+lIh9OV/v06A7Uf5U9Aiy8BjI9MwVt2JQ=","tPMuOiMOK3UNRswHcFLVwBhOoSfTWssJTQaznGKWXIE=","nWsKNYs6Grhxo6GVnFRYRhij85y+YVJgtCDfLQ+s4f8=","1HHY2gYHn/dx31k3aNkZvZpBkGt4N5LM3O+AiFtHemQ=","jmkUpAsbnFI48JHmgjiT9WEp/MUajK+Mgli93FeqzCg=","+z6mVeeOELuUEFsZrglpYcUmV9gCoJZCPlbpqMFMoH8=","kAll/vk35l8NES5VYypGs0gb/MCXqqnK0gVTb6mVLas=","lrlavbC7umgUCoZOCyWaH5px1Z540DCUPiHjSX1YQUQ=","IuFGIavepIyLlKwJD3xrQAuSrImu6MVedpuV8Hz0K+c=","ihI6wzU8U8BdnvEAGmRMx1RQ2H9UkvCpfUg96XYApn8=","1ZMmRF5pD5LM4mGuEc79yKAUOe0W43jS5t34up9IHWk=","bsoKLCX7Wwopzr+UnveIYmgHgnUH5ptrFqnXVHSJrgE=","C1tcUKIj86OpJXTp8WqeZqqkm59uLYUDeQ0TYrCVtxE=","iJVlZElwURj9MKcpIPcDTXSgbLPqrdBKg7t63LoB5f0=","Ftx1x71MgnIvnNYuGndErKCUfOYlItReyOnBwS3w6/Q=","izuKLpcvyxfJYMDf1kMoW0lyqM+jElMUF1SFBvekR30=","SGQDez3oxmZt3RtkYcC9nuTtGsDmN8UaUmxfmm31UdQ=","2MZCGehvd4ykOMbd9T1m+zBHA0Xu7YCPOI1x1bdsgTI=","JYKvqtQtdf0qcHPr10m0xs6RxxWqB32Bidu0RakD+zs=","vlYUbnla00DQXlO8xwnOUklE0BbWqoi89GnpI+QzeHA=","gnKuOvDAkIWTF3hNDVP49UXF2B42MSsjvqI1QM7Ec50=","NBlXlcwbHHMdjPOSXu3J6+MODlxLaODftaGoQv/iKRM=","Z5avCEVOnTIOJgKQiJz5R9yz2LYLIHAXargh9h3k+Rg="],"block_size":4096,"path":"images/resolve_online_test_test-helper___test_bro.gif"},{"block_hashes":["YgQ/veeiKo1TMdZRGvbeVfyijcqF70CSc9ffZyopaos="],"block_size":4096,"path":"options/index.html"}],"version":2}